{
  "timestamp": "20250529_225522",
  "hard_iron_offset": [
    15.657647078344084,
    10.993677066932003,
    52.37437738584282
  ],
  "soft_iron_matrix": [
    [
      0.040687737090587074,
      -0.0002444888293819367,
      -0.002580567150348959
    ],
    [
      -0.0002444888293819368,
      0.03860724372449055,
      0.0010807714993435248
    ],
    [
      -0.0025805671503489596,
      0.0010807714993435252,
      0.044625284548737376
    ]
  ],
  "calibration_quality": {
    "mean_radius": 0.9997884189359427,
    "std_radius": 0.009207854925069377,
    "quality_score": 0.009209803545103208,
    "sphericity": 0.9907901964548967
  },
  "calibration_formula": "x_cal = soft_iron_matrix * (x_raw - hard_iron_offset)"
}